{"f1_score_critical": 0.9352397151057723, "Accuracy": 0.9593866666666667, "Macro_F1": 0.9528284235704649}